{
    "robot_transforms": [
        {
            "id": 0,
            "R_gripper2base": [
                [
                    0.010804440951985033,
                    -0.9999391626950025,
                    0.0022214780061371436
                ],
                [
                    -0.9995597488217105,
                    -0.010738895179658132,
                    0.027658356165880874
                ],
                [
                    -0.027632817286579264,
                    -0.002519333073850629,
                    -0.9996149660592666
                ]
            ],
            "t_gripper2base": [
                -0.003963758134340077,
                0.37662209807095415,
                0.46707295718232716
            ]
        },
        {
            "id": 1,
            "R_gripper2base": [
                [
                    -0.35987334351373645,
                    -0.9196600134033601,
                    0.15721525490605337
                ],
                [
                    -0.9314199355936528,
                    0.3639324467758479,
                    -0.0031745491742591336
                ],
                [
                    -0.05429622645229985,
                    -0.14757585822442537,
                    -0.987559256886575
                ]
            ],
            "t_gripper2base": [
                -0.06902934095481644,
                0.35611909096590805,
                0.4696750151485941
            ]
        },
        {
            "id": 2,
            "R_gripper2base": [
                [
                    -0.01688391573187277,
                    -0.9976686549291349,
                    0.06612252537108362
                ],
                [
                    -0.9985288468538642,
                    0.02023266361616126,
                    0.05030687153547847
                ],
                [
                    -0.051527423671777824,
                    -0.06517587203011435,
                    -0.9965425381361614
                ]
            ],
            "t_gripper2base": [
                -0.006604581586493832,
                0.3894018589396955,
                0.46862281034587455
            ]
        },
        {
            "id": 3,
            "R_gripper2base": [
                [
                    -0.16938036961102765,
                    -0.9817577235740145,
                    0.08638323097222605
                ],
                [
                    -0.9843545873795767,
                    0.1728407791031189,
                    0.03423611227652088
                ],
                [
                    -0.04854211259530572,
                    -0.07923280432873847,
                    -0.9956735539437557
                ]
            ],
            "t_gripper2base": [
                0.03235445105542594,
                0.3782478652903126,
                0.4657174670718122
            ]
        },
        {
            "id": 4,
            "R_gripper2base": [
                [
                    -0.05688025696977941,
                    -0.9967098970799785,
                    0.057740951064820946
                ],
                [
                    -0.9979895671423676,
                    0.055143420595936445,
                    -0.031241431464783108
                ],
                [
                    0.02795461038971838,
                    -0.05940188740938992,
                    -0.9978426506870514
                ]
            ],
            "t_gripper2base": [
                0.044392081019689986,
                0.3433705395596805,
                0.48377815005453334
            ]
        },
        {
            "id": 5,
            "R_gripper2base": [
                [
                    0.2600569199136866,
                    -0.9600409202466397,
                    0.1034013049095191
                ],
                [
                    -0.9654416382452528,
                    -0.2604187439725877,
                    0.010223547821683762
                ],
                [
                    0.01711261369074872,
                    -0.10248662956564038,
                    -0.9945871752706981
                ]
            ],
            "t_gripper2base": [
                -0.03900548516475403,
                0.338495221886043,
                0.48603952640859366
            ]
        }
    ]
}